V1,V2,V3,V4,V5,V6,V7,V8,V9,V10
system,model,network,neural,function,input,signal,output,circuit,information
unit,network,input,learning,weight,hidden,layer,output,pattern,function
learning,action,model,task,control,reinforcement,robot,function,system,states
algorithm,vector,function,learning,loss,class,set,weight,bound,problem
network,unit,input,hidden,output,learning,function,training,pattern,weight
weight,network,error,training,set,input,noise,generalization,function,learning
network,task,neural,learning,training,architecture,control,solution,input,problem
input,network,output,neural,noise,function,training,set,data,information
network,training,set,data,neural,error,input,output,unit,learning
classifier,training,network,rbf,set,error,neural,problem,center,gaussian
word,network,recognition,training,system,model,speech,hmm,neural,set
cell,head,direction,rat,model,angular,system,velocity,mcnaughton,neural
model,data,network,set,neural,parameter,learning,algorithm,training,function
character,field,system,window,network,input,net,set,word,training
data,model,algorithm,set,parameter,point,learning,distribution,method,function
network,neural,system,input,function,learning,weight,output,model,unit
learning,algorithm,function,problem,policy,action,system,optimal,model,result
hint,learning,examples,function,error,market,performance,method,information,network
monte,carlo,player,decision,policy,base,move,rollout,network,trial
object,image,network,images,model,recognition,view,system,set,feature
function,threshold,network,weight,neural,input,circuit,size,number,result
function,set,training,vector,algorithm,error,kernel,data,problem,classifier
speech,network,system,model,input,signal,recognition,neural,output,information
function,network,algorithm,learning,neural,model,input,problem,set,data
cell,model,input,neuron,visual,field,cortex,orientation,response,network
neuron,network,input,model,neural,synaptic,system,function,learning,firing
david,michael,john,richard,peter,author,index,thomas,eric,paul
eeg,component,response,trial,artifact,ica,data,single,visual,erp
learning,network,error,weight,training,input,function,algorithm,neural,set
model,learning,control,movement,motor,forward,field,arm,dynamic,trajectory
